transaction_id,user_id,preferred_team,product_id,category,price,transaction_time,user_transaction_count,is_new_account,review_count,avg_price,is_fraud
1,1551,NC 다이노스,852,기타 한정판 굿즈,274670,20,11,0,13,300000,0
2,1020,KT 위즈,683,모자,27860,22,15,0,43,40000,0
3,1910,키움 히어로즈,502,사인볼,101780,19,2,0,29,150000,0
4,1736,LG 트윈스,690,기타 한정판 굿즈,256980,0,7,1,16,300000,0
5,1866,삼성 라이온즈,617,플레이어 유니폼,302480,19,12,0,31,300000,0
6,1793,KIA 타이거즈,518,사인볼,141930,8,18,0,45,150000,0
7,1519,KT 위즈,522,사인볼,79370,21,3,0,5,150000,0
8,1099,SSG 랜더스,912,기타 한정판 굿즈,421330,14,7,0,23,300000,0
9,1751,LG 트윈스,529,어센틱 유니폼,145480,0,11,0,5,150000,0
10,1477,KT 위즈,794,플레이어 유니폼,264310,11,18,1,26,300000,0
11,1598,LG 트윈스,607,기타 한정판 굿즈,411030,2,12,1,17,300000,0
12,1297,KIA 타이거즈,866,플레이어 유니폼,240830,10,6,0,23,300000,0
13,1939,SSG 랜더스,780,플레이어 유니폼,218560,1,5,0,36,300000,0
14,1525,삼성 라이온즈,627,사인볼,213620,15,1,0,23,150000,0
15,1333,두산 베어스,728,모자,58910,8,12,0,37,40000,0
16,1001,롯데 자이언츠,610,플레이어 유니폼,276900,14,11,0,33,300000,0
17,1374,삼성 라이온즈,635,응원 도구,19770,11,4,0,39,20000,0
18,1292,두산 베어스,861,사인볼,92670,0,18,1,46,150000,0
19,1836,키움 히어로즈,685,어센틱 유니폼,150160,12,4,1,14,150000,0
20,1933,한화 이글스,643,모자,35240,13,17,0,10,40000,0
21,1552,NC 다이노스,571,응원 도구,19490,7,2,0,21,20000,0
22,1317,NC 다이노스,628,응원 도구,22050,7,2,0,23,20000,0
23,1501,롯데 자이언츠,863,어센틱 유니폼,117060,11,12,0,0,150000,0
24,1827,SSG 랜더스,760,모자,36380,0,6,0,17,40000,0
25,1380,KIA 타이거즈,502,사인볼,59810,10,10,0,43,150000,0
26,1622,SSG 랜더스,948,레플리카 유니폼,72900,7,16,1,11,80000,0
27,1013,KIA 타이거즈,887,모자,39070,9,14,0,42,40000,0
28,1503,SSG 랜더스,603,어센틱 유니폼,156870,18,7,0,27,150000,0
29,1230,한화 이글스,982,응원 도구,21200,10,19,0,39,20000,0
30,1984,키움 히어로즈,723,사인볼,195200,6,17,0,6,150000,0
31,1083,키움 히어로즈,819,모자,24600,10,9,0,22,40000,0
32,1129,두산 베어스,861,레플리카 유니폼,50270,16,13,0,20,80000,0
33,1742,KT 위즈,853,레플리카 유니폼,90580,0,5,0,33,80000,0
34,1837,키움 히어로즈,990,플레이어 유니폼,198050,20,5,0,10,300000,0
35,1144,키움 히어로즈,972,플레이어 유니폼,309170,20,10,0,21,300000,0
36,1890,삼성 라이온즈,509,기타 한정판 굿즈,181970,7,10,1,41,300000,0
37,1856,삼성 라이온즈,904,어센틱 유니폼,197180,22,7,0,34,150000,0
38,1027,두산 베어스,883,모자,42500,23,15,0,28,40000,1
39,1065,KT 위즈,801,모자,37810,5,7,0,41,40000,0
40,1162,롯데 자이언츠,730,기타 한정판 굿즈,422770,21,15,0,27,300000,0
41,1228,삼성 라이온즈,718,응원 도구,14680,17,3,0,17,20000,0
42,1260,롯데 자이언츠,910,응원 도구,15630,5,19,1,13,20000,0
43,1448,LG 트윈스,565,기타 한정판 굿즈,173850,4,10,1,17,300000,0
44,1423,삼성 라이온즈,924,응원 도구,15670,12,15,0,27,20000,0
45,1459,한화 이글스,611,플레이어 유니폼,303060,18,3,0,23,300000,0
46,1951,KT 위즈,512,모자,44940,21,6,0,7,40000,0
47,1675,두산 베어스,892,기타 한정판 굿즈,396140,7,12,0,41,300000,0
48,1300,LG 트윈스,999,모자,21750,8,15,0,44,40000,0
49,1918,KT 위즈,919,레플리카 유니폼,76560,16,6,0,7,80000,0
50,1302,한화 이글스,585,플레이어 유니폼,244590,2,13,0,3,300000,0
51,1286,KT 위즈,733,사인볼,139740,18,19,0,26,150000,0
52,1394,한화 이글스,589,플레이어 유니폼,416710,10,3,0,35,300000,0
53,1009,한화 이글스,813,기타 한정판 굿즈,329190,23,8,1,4,300000,1
54,1706,롯데 자이언츠,553,사인볼,194970,16,8,0,32,150000,0
55,1629,SSG 랜더스,511,레플리카 유니폼,119210,20,15,0,48,80000,0
56,1269,LG 트윈스,708,기타 한정판 굿즈,412740,18,4,0,33,300000,0
57,1591,KT 위즈,961,어센틱 유니폼,136560,1,19,0,29,150000,0
58,1969,KIA 타이거즈,513,모자,27240,7,3,0,7,40000,0
59,1604,LG 트윈스,620,레플리카 유니폼,79400,18,13,0,38,80000,0
60,1777,SSG 랜더스,917,모자,34320,6,8,1,46,40000,0
61,1843,LG 트윈스,936,응원 도구,12380,16,16,0,25,20000,0
62,1861,키움 히어로즈,876,어센틱 유니폼,157230,5,13,0,36,150000,0
63,1360,KIA 타이거즈,519,어센틱 유니폼,157980,18,3,0,33,150000,0
64,1256,SSG 랜더스,574,레플리카 유니폼,115380,23,16,0,6,80000,1
65,1132,롯데 자이언츠,899,어센틱 유니폼,139150,5,9,0,39,150000,0
66,1275,KT 위즈,742,사인볼,164010,1,14,1,27,150000,0
67,1775,NC 다이노스,722,어센틱 유니폼,130040,5,13,0,38,150000,0
68,1682,SSG 랜더스,569,모자,48730,22,7,0,38,40000,0
69,1971,두산 베어스,811,모자,38750,4,15,0,27,40000,0
70,1512,KT 위즈,710,기타 한정판 굿즈,182740,18,7,0,13,300000,0
71,1312,SSG 랜더스,600,모자,39870,19,6,1,49,40000,0
72,1575,키움 히어로즈,685,기타 한정판 굿즈,339050,3,2,1,37,300000,0
73,1885,NC 다이노스,631,모자,42550,21,9,0,3,40000,0
74,1979,키움 히어로즈,610,사인볼,202290,16,17,0,41,150000,0
75,1283,NC 다이노스,880,기타 한정판 굿즈,155190,10,5,0,17,300000,0
76,1120,두산 베어스,631,플레이어 유니폼,257860,3,12,0,43,300000,0
77,1106,KT 위즈,519,응원 도구,23200,12,1,1,47,20000,0
78,1932,롯데 자이언츠,893,레플리카 유니폼,65490,19,10,0,24,80000,0
79,1686,키움 히어로즈,523,모자,42400,16,11,0,6,40000,0
80,1996,키움 히어로즈,726,어센틱 유니폼,77410,8,16,0,37,150000,0
81,1203,한화 이글스,653,모자,67160,3,14,1,27,40000,0
82,1164,NC 다이노스,792,어센틱 유니폼,141910,22,8,0,4,150000,0
83,1304,삼성 라이온즈,729,응원 도구,25970,13,17,0,2,20000,0
84,1496,KT 위즈,968,응원 도구,18320,18,18,0,43,20000,0
85,1631,NC 다이노스,809,응원 도구,22070,2,12,1,30,20000,0
86,1555,한화 이글스,987,어센틱 유니폼,194760,13,17,0,46,150000,0
87,1823,LG 트윈스,858,모자,51660,7,14,0,41,40000,0
88,1155,NC 다이노스,904,응원 도구,18980,23,16,0,19,20000,1
89,1366,롯데 자이언츠,701,사인볼,143240,0,14,0,18,150000,0
90,1718,KT 위즈,537,기타 한정판 굿즈,400360,9,9,0,47,300000,0
91,1901,한화 이글스,929,어센틱 유니폼,220000,17,4,1,10,150000,0
92,1619,LG 트윈스,759,어센틱 유니폼,155770,15,11,0,39,150000,0
93,1250,KIA 타이거즈,687,모자,59570,7,6,0,2,40000,0
94,1956,한화 이글스,556,어센틱 유니폼,142760,0,15,0,22,150000,0
95,1915,KIA 타이거즈,928,어센틱 유니폼,178560,11,5,0,6,150000,0
96,1881,KT 위즈,519,응원 도구,25510,7,11,1,22,20000,0
97,1333,키움 히어로즈,772,모자,35900,23,18,0,6,40000,1
98,1641,한화 이글스,618,응원 도구,16260,15,13,0,45,20000,0
99,1968,두산 베어스,570,기타 한정판 굿즈,414540,17,11,0,33,300000,0
100,1510,KIA 타이거즈,503,기타 한정판 굿즈,246840,3,14,0,41,300000,0
101,1292,롯데 자이언츠,720,응원 도구,15530,5,18,0,18,20000,0
102,1019,두산 베어스,513,기타 한정판 굿즈,231600,11,19,0,8,300000,0
103,1281,SSG 랜더스,502,모자,34640,8,15,0,47,40000,0
104,1796,SSG 랜더스,715,레플리카 유니폼,97130,14,9,0,17,80000,0
105,1000,LG 트윈스,728,응원 도구,22580,15,8,0,40,20000,0
106,1118,키움 히어로즈,835,사인볼,185780,23,1,0,47,150000,1
107,1034,KT 위즈,685,사인볼,171070,11,4,1,44,150000,0
108,1197,한화 이글스,554,어센틱 유니폼,132180,23,14,0,41,150000,1
109,1484,삼성 라이온즈,999,기타 한정판 굿즈,369710,22,2,0,24,300000,0
110,1756,롯데 자이언츠,887,사인볼,209120,13,16,0,13,150000,0
111,1058,KIA 타이거즈,875,어센틱 유니폼,167540,12,3,0,43,150000,0
112,1836,KT 위즈,753,레플리카 유니폼,88990,1,8,0,24,80000,0
113,1160,두산 베어스,523,모자,32330,2,6,0,18,40000,0
114,1690,SSG 랜더스,661,모자,42120,23,16,0,38,40000,1
115,1205,롯데 자이언츠,657,모자,31800,21,16,1,14,40000,0
116,1011,삼성 라이온즈,581,사인볼,148800,9,7,0,15,150000,0
117,1489,한화 이글스,902,레플리카 유니폼,47190,8,13,0,26,80000,0
118,1275,LG 트윈스,658,사인볼,68370,19,13,0,39,150000,0
119,1692,삼성 라이온즈,687,기타 한정판 굿즈,280900,7,5,0,9,300000,0
120,1241,롯데 자이언츠,559,사인볼,122580,9,18,0,3,150000,0
121,1215,삼성 라이온즈,902,레플리카 유니폼,82140,18,15,0,18,80000,0
122,1250,롯데 자이언츠,804,레플리카 유니폼,77300,2,18,0,27,80000,0
123,1810,롯데 자이언츠,818,기타 한정판 굿즈,303020,23,2,1,20,300000,1
124,1125,NC 다이노스,865,레플리카 유니폼,92170,4,10,0,46,80000,0
125,1993,KIA 타이거즈,710,레플리카 유니폼,70730,2,13,0,13,80000,0
126,1216,SSG 랜더스,905,모자,37810,15,18,1,32,40000,0
127,1305,NC 다이노스,651,기타 한정판 굿즈,445500,16,15,0,47,300000,0
128,1796,한화 이글스,608,플레이어 유니폼,300150,14,12,0,9,300000,0
129,1184,NC 다이노스,575,플레이어 유니폼,291040,2,15,1,18,300000,0
130,1038,키움 히어로즈,529,레플리카 유니폼,81650,11,13,0,29,80000,0
131,1222,키움 히어로즈,813,플레이어 유니폼,291930,8,18,1,21,300000,0
132,1183,SSG 랜더스,985,플레이어 유니폼,264520,20,15,0,2,300000,0
133,1494,삼성 라이온즈,616,레플리카 유니폼,60040,11,11,0,36,80000,0
134,1426,KIA 타이거즈,914,플레이어 유니폼,261830,14,19,1,40,300000,0
135,1177,SSG 랜더스,855,사인볼,193650,1,3,0,17,150000,0
136,1918,롯데 자이언츠,691,어센틱 유니폼,131100,22,7,0,10,150000,0
137,1427,두산 베어스,518,기타 한정판 굿즈,284510,17,14,0,47,300000,0
138,1293,KIA 타이거즈,931,어센틱 유니폼,171020,19,14,1,1,150000,0
139,1851,KIA 타이거즈,672,레플리카 유니폼,74430,11,13,1,11,80000,0
140,1150,롯데 자이언츠,727,모자,46330,22,12,0,5,40000,0
141,1383,롯데 자이언츠,849,기타 한정판 굿즈,145920,3,9,0,42,300000,0
142,1637,LG 트윈스,682,레플리카 유니폼,77350,22,1,1,39,80000,0
143,1812,SSG 랜더스,612,모자,40790,15,19,0,43,40000,0
144,1307,롯데 자이언츠,682,어센틱 유니폼,150690,22,11,0,28,150000,0
145,1335,키움 히어로즈,980,레플리카 유니폼,46940,15,19,0,29,80000,0
146,1945,한화 이글스,645,기타 한정판 굿즈,420310,0,18,0,1,300000,0
147,1745,두산 베어스,818,기타 한정판 굿즈,214530,21,12,0,8,300000,0
148,1891,SSG 랜더스,615,응원 도구,21680,1,1,0,46,20000,0
149,1374,KT 위즈,612,사인볼,150400,2,19,0,1,150000,0
150,1007,키움 히어로즈,750,플레이어 유니폼,350190,20,17,1,28,300000,0
151,1340,삼성 라이온즈,975,모자,61870,19,5,0,32,40000,0
152,1128,롯데 자이언츠,750,응원 도구,13550,16,3,0,9,20000,0
153,1775,KT 위즈,802,플레이어 유니폼,267550,19,2,0,33,300000,0
154,1668,롯데 자이언츠,958,플레이어 유니폼,309450,21,3,0,43,300000,0
155,1351,KIA 타이거즈,812,레플리카 유니폼,57890,20,8,0,7,80000,0
156,1357,키움 히어로즈,617,플레이어 유니폼,339110,0,16,0,36,300000,0
157,1516,KIA 타이거즈,800,사인볼,192170,19,6,0,32,150000,0
158,1494,LG 트윈스,660,기타 한정판 굿즈,355940,5,13,1,46,300000,0
159,1085,KIA 타이거즈,900,응원 도구,21180,14,16,0,5,20000,0
160,1174,LG 트윈스,697,플레이어 유니폼,368490,13,16,0,43,300000,0
161,1801,LG 트윈스,759,레플리카 유니폼,56890,19,3,0,39,80000,0
162,1192,KT 위즈,647,사인볼,153260,14,13,1,44,150000,0
163,1310,롯데 자이언츠,739,어센틱 유니폼,127840,13,14,0,18,150000,0
164,1118,삼성 라이온즈,546,기타 한정판 굿즈,388990,20,8,0,31,300000,0
165,1217,KIA 타이거즈,974,기타 한정판 굿즈,116670,23,12,0,26,300000,1
166,1426,키움 히어로즈,898,응원 도구,19860,4,8,0,0,20000,0
167,1969,LG 트윈스,697,기타 한정판 굿즈,333520,5,9,0,42,300000,0
168,1413,롯데 자이언츠,546,플레이어 유니폼,252630,16,1,0,32,300000,0
169,1113,두산 베어스,577,레플리카 유니폼,67480,10,6,1,39,80000,0
170,1977,SSG 랜더스,623,기타 한정판 굿즈,301540,15,19,1,31,300000,0
171,1144,KT 위즈,574,기타 한정판 굿즈,395510,11,11,0,4,300000,0
172,1537,삼성 라이온즈,858,어센틱 유니폼,119010,14,11,1,16,150000,0
173,1647,NC 다이노스,636,어센틱 유니폼,124250,22,13,0,7,150000,0
174,1302,KT 위즈,589,모자,51260,3,11,0,41,40000,0
175,1743,두산 베어스,899,사인볼,136350,17,18,0,33,150000,0
176,1880,SSG 랜더스,824,플레이어 유니폼,261120,20,15,0,8,300000,0
177,1587,두산 베어스,999,기타 한정판 굿즈,372870,2,1,1,22,300000,0
178,1986,KIA 타이거즈,560,기타 한정판 굿즈,251180,21,7,0,34,300000,0
179,1839,LG 트윈스,637,레플리카 유니폼,100550,7,13,0,49,80000,0
180,1344,삼성 라이온즈,549,모자,33360,22,12,0,6,40000,0
181,1813,한화 이글스,758,사인볼,142020,2,18,0,14,150000,0
182,1963,LG 트윈스,960,모자,49450,7,19,0,19,40000,0
183,1800,한화 이글스,606,응원 도구,18870,17,15,0,49,20000,0
184,1000,SSG 랜더스,612,사인볼,187800,9,8,0,24,150000,0
185,1146,롯데 자이언츠,849,기타 한정판 굿즈,293450,19,19,1,2,300000,0
186,1286,NC 다이노스,753,기타 한정판 굿즈,498170,16,10,1,45,300000,0
187,1975,키움 히어로즈,617,사인볼,228440,7,7,0,23,150000,0
188,1653,LG 트윈스,992,기타 한정판 굿즈,167190,22,18,1,33,300000,0
189,1052,삼성 라이온즈,697,플레이어 유니폼,326110,10,16,0,45,300000,0
190,1303,두산 베어스,836,사인볼,109180,4,6,0,21,150000,0
191,1068,삼성 라이온즈,864,모자,41920,12,9,0,10,40000,0
192,1360,SSG 랜더스,550,사인볼,153420,20,13,0,47,150000,0
193,1601,한화 이글스,744,기타 한정판 굿즈,194460,22,8,0,7,300000,0
194,1957,두산 베어스,902,플레이어 유니폼,352920,4,16,0,38,300000,0
195,1219,키움 히어로즈,925,플레이어 유니폼,310170,23,13,0,42,300000,1
196,1961,키움 히어로즈,534,응원 도구,18580,12,13,0,34,20000,0
197,1703,LG 트윈스,801,모자,35620,5,17,0,48,40000,0
198,1965,SSG 랜더스,909,어센틱 유니폼,154190,4,5,0,45,150000,0
199,1574,롯데 자이언츠,998,어센틱 유니폼,162240,8,17,0,37,150000,0
200,1584,SSG 랜더스,568,사인볼,143750,15,9,0,7,150000,0
201,1160,한화 이글스,848,응원 도구,5840,1,2,0,36,20000,0
202,1680,삼성 라이온즈,819,레플리카 유니폼,80340,0,18,0,26,80000,0
203,1088,키움 히어로즈,920,사인볼,77930,7,9,0,27,150000,0
204,1687,삼성 라이온즈,967,응원 도구,18950,18,6,1,39,20000,0
205,1780,삼성 라이온즈,548,모자,25950,10,11,0,33,40000,0
206,1584,삼성 라이온즈,904,모자,25840,11,6,0,31,40000,0
207,1756,키움 히어로즈,573,모자,52350,11,6,0,14,40000,0
208,1588,KT 위즈,691,모자,36800,6,13,1,43,40000,0
209,1158,KIA 타이거즈,760,모자,36030,12,11,0,16,40000,0
210,1488,한화 이글스,855,응원 도구,22410,7,14,0,32,20000,0
211,1970,KT 위즈,569,응원 도구,18150,21,2,1,46,20000,0
212,1323,한화 이글스,589,플레이어 유니폼,405190,8,8,0,45,300000,0
213,1609,두산 베어스,759,어센틱 유니폼,141810,6,3,0,15,150000,0
214,1380,SSG 랜더스,625,기타 한정판 굿즈,336510,20,3,0,28,300000,0
215,1101,SSG 랜더스,730,모자,49710,23,1,0,8,40000,1
216,1493,NC 다이노스,794,레플리카 유니폼,112050,14,19,0,32,80000,0
217,1643,SSG 랜더스,997,기타 한정판 굿즈,225800,1,18,0,48,300000,0
218,1613,키움 히어로즈,918,응원 도구,17910,22,17,0,28,20000,0
219,1018,롯데 자이언츠,628,레플리카 유니폼,105490,19,13,0,12,80000,0
220,1453,LG 트윈스,779,레플리카 유니폼,96200,11,3,0,20,80000,0
221,1481,NC 다이노스,812,레플리카 유니폼,101500,0,1,0,20,80000,0
222,1593,LG 트윈스,599,플레이어 유니폼,231560,22,4,0,4,300000,0
223,1396,한화 이글스,825,응원 도구,27740,21,13,1,9,20000,0
224,1278,LG 트윈스,796,레플리카 유니폼,64770,7,17,0,5,80000,0
225,1850,LG 트윈스,681,모자,41920,4,11,1,12,40000,0
226,1364,NC 다이노스,673,사인볼,142590,14,2,0,0,150000,0
227,1330,두산 베어스,815,레플리카 유니폼,62430,0,16,0,19,80000,0
228,1640,삼성 라이온즈,863,플레이어 유니폼,229370,0,2,0,46,300000,0
229,1343,SSG 랜더스,687,기타 한정판 굿즈,125620,9,19,0,45,300000,0
230,1821,SSG 랜더스,556,응원 도구,20600,21,19,0,7,20000,0
231,1454,키움 히어로즈,530,플레이어 유니폼,223730,9,16,0,9,300000,0
232,1600,NC 다이노스,583,레플리카 유니폼,57320,20,19,1,8,80000,0
233,1724,키움 히어로즈,651,응원 도구,18910,14,9,0,48,20000,0
234,1654,롯데 자이언츠,972,사인볼,18060,16,1,0,40,150000,0
235,1064,롯데 자이언츠,535,레플리카 유니폼,95580,21,10,0,2,80000,0
236,1075,키움 히어로즈,712,플레이어 유니폼,179510,5,19,1,10,300000,0
237,1710,NC 다이노스,913,어센틱 유니폼,147680,2,1,0,11,150000,0
238,1142,키움 히어로즈,907,모자,40150,12,2,0,9,40000,0
239,1916,SSG 랜더스,863,기타 한정판 굿즈,353810,15,16,0,24,300000,0
240,1914,KT 위즈,605,플레이어 유니폼,297920,7,12,0,48,300000,0
241,1827,KIA 타이거즈,913,응원 도구,30090,14,8,0,48,20000,0
242,1604,LG 트윈스,841,레플리카 유니폼,84330,16,18,0,24,80000,0
243,1472,KIA 타이거즈,719,모자,50540,16,2,0,10,40000,0
244,1416,NC 다이노스,890,레플리카 유니폼,65530,21,13,0,35,80000,0
245,1304,KIA 타이거즈,662,응원 도구,20600,12,6,0,38,20000,0
246,1735,롯데 자이언츠,938,레플리카 유니폼,110950,16,6,0,25,80000,0
247,1496,한화 이글스,719,어센틱 유니폼,142870,5,9,1,13,150000,0
248,1290,LG 트윈스,769,모자,41920,16,16,0,38,40000,0
249,1939,삼성 라이온즈,619,모자,49810,15,11,0,39,40000,0
250,1101,NC 다이노스,893,응원 도구,16290,13,7,0,0,20000,0
251,1985,LG 트윈스,835,기타 한정판 굿즈,83840,12,10,0,3,300000,0
252,1266,KIA 타이거즈,899,어센틱 유니폼,157670,5,10,1,29,150000,0
253,1866,롯데 자이언츠,681,플레이어 유니폼,349430,2,18,0,11,300000,0
254,1967,두산 베어스,978,레플리카 유니폼,52970,13,9,0,34,80000,0
255,1621,KT 위즈,605,사인볼,183510,13,15,0,12,150000,0
256,1973,삼성 라이온즈,716,레플리카 유니폼,93540,14,4,1,30,80000,0
257,1841,KT 위즈,704,레플리카 유니폼,34530,7,8,0,37,80000,0
258,1961,LG 트윈스,569,플레이어 유니폼,253190,14,9,0,42,300000,0
259,1941,롯데 자이언츠,543,레플리카 유니폼,72080,21,13,1,22,80000,0
260,1776,롯데 자이언츠,828,어센틱 유니폼,144610,12,9,0,3,150000,0
261,1002,KIA 타이거즈,800,어센틱 유니폼,127710,16,4,0,15,150000,0
262,1084,SSG 랜더스,727,모자,32030,20,17,0,6,40000,0
263,1793,KIA 타이거즈,683,응원 도구,28360,23,16,0,21,20000,1
264,1327,SSG 랜더스,606,기타 한정판 굿즈,289240,2,15,0,28,300000,0
265,1815,SSG 랜더스,583,사인볼,115250,5,3,0,10,150000,0
266,1449,삼성 라이온즈,837,레플리카 유니폼,79180,4,5,1,32,80000,0
267,1453,KIA 타이거즈,749,레플리카 유니폼,90740,21,5,0,28,80000,0
268,1923,두산 베어스,862,플레이어 유니폼,302580,16,15,0,38,300000,0
269,1628,키움 히어로즈,940,응원 도구,18970,22,18,0,11,20000,0
270,1220,키움 히어로즈,520,어센틱 유니폼,130500,1,15,0,6,150000,0
271,1153,KIA 타이거즈,695,사인볼,116890,14,2,0,38,150000,0
272,1664,KIA 타이거즈,677,모자,34020,4,13,0,41,40000,0
273,1011,KT 위즈,916,어센틱 유니폼,160160,19,4,0,47,150000,0
274,1132,삼성 라이온즈,974,응원 도구,15030,5,10,0,25,20000,0
275,1993,KIA 타이거즈,506,기타 한정판 굿즈,339330,5,13,1,39,300000,0
276,1303,KT 위즈,569,모자,54130,17,10,1,8,40000,0
277,1292,SSG 랜더스,626,기타 한정판 굿즈,332570,17,9,0,40,300000,0
278,1974,롯데 자이언츠,898,플레이어 유니폼,281520,3,8,0,33,300000,0
279,1299,롯데 자이언츠,965,플레이어 유니폼,235090,16,3,0,44,300000,0
280,1739,SSG 랜더스,659,레플리카 유니폼,111560,13,16,0,12,80000,0
281,1782,NC 다이노스,747,기타 한정판 굿즈,183000,13,14,0,35,300000,0
282,1042,KT 위즈,702,응원 도구,24240,12,9,0,24,20000,0
283,1943,KT 위즈,647,사인볼,181930,6,11,0,23,150000,0
284,1342,SSG 랜더스,971,모자,37630,11,3,0,43,40000,0
285,1325,두산 베어스,642,어센틱 유니폼,142110,22,5,0,16,150000,0
286,1813,한화 이글스,931,응원 도구,10820,14,10,0,1,20000,0
287,1497,LG 트윈스,698,응원 도구,21650,18,13,0,12,20000,0
288,1363,SSG 랜더스,904,플레이어 유니폼,331000,10,4,0,30,300000,0
289,1890,KIA 타이거즈,925,기타 한정판 굿즈,191090,14,13,0,28,300000,0
290,1426,KIA 타이거즈,653,레플리카 유니폼,76880,11,12,0,49,80000,0
291,1020,삼성 라이온즈,991,레플리카 유니폼,80760,2,5,1,27,80000,0
292,1406,SSG 랜더스,875,모자,45850,16,10,0,26,40000,0
293,1618,삼성 라이온즈,883,플레이어 유니폼,300190,2,9,0,14,300000,0
294,1335,SSG 랜더스,641,응원 도구,11870,18,7,0,30,20000,0
295,1814,KT 위즈,812,사인볼,123500,19,2,1,39,150000,0
296,1116,LG 트윈스,664,플레이어 유니폼,311230,3,7,0,14,300000,0
297,1123,KT 위즈,813,모자,48420,2,8,0,32,40000,0
298,1398,한화 이글스,520,모자,33820,15,7,1,19,40000,0
299,1792,롯데 자이언츠,581,플레이어 유니폼,409380,11,14,1,41,300000,0
300,1803,키움 히어로즈,568,모자,21060,7,19,1,11,40000,0
301,1714,SSG 랜더스,630,플레이어 유니폼,271810,23,5,1,36,300000,1
302,1050,한화 이글스,586,어센틱 유니폼,147510,16,18,1,8,150000,0
303,1782,롯데 자이언츠,717,플레이어 유니폼,289960,6,12,0,22,300000,0
304,1323,NC 다이노스,920,기타 한정판 굿즈,176790,10,17,0,7,300000,0
305,1788,LG 트윈스,971,플레이어 유니폼,322390,17,13,0,31,300000,0
306,1140,삼성 라이온즈,804,모자,43710,0,2,0,47,40000,0
307,1469,삼성 라이온즈,902,기타 한정판 굿즈,304800,2,13,0,13,300000,0
308,1786,KT 위즈,870,모자,43320,3,7,0,26,40000,0
309,1801,KIA 타이거즈,844,레플리카 유니폼,71520,12,10,0,24,80000,0
310,1333,롯데 자이언츠,840,레플리카 유니폼,47650,5,6,0,12,80000,0
311,1892,NC 다이노스,883,기타 한정판 굿즈,228340,13,3,0,20,300000,0
312,1963,한화 이글스,895,어센틱 유니폼,154710,4,3,0,44,150000,0
313,1372,LG 트윈스,944,레플리카 유니폼,83250,15,18,0,30,80000,0
314,1563,롯데 자이언츠,924,플레이어 유니폼,302070,14,11,0,36,300000,0
315,1493,NC 다이노스,660,모자,45490,14,5,0,47,40000,0
316,1538,키움 히어로즈,677,레플리카 유니폼,68380,3,19,0,42,80000,0
317,1668,SSG 랜더스,616,레플리카 유니폼,80530,7,19,0,4,80000,0
318,1750,삼성 라이온즈,695,어센틱 유니폼,167160,15,15,0,12,150000,0
319,1155,한화 이글스,882,기타 한정판 굿즈,291510,15,16,0,27,300000,0
320,1290,삼성 라이온즈,989,기타 한정판 굿즈,175670,3,9,0,42,300000,0
321,1647,한화 이글스,826,응원 도구,15190,12,4,0,24,20000,0
322,1143,KT 위즈,585,어센틱 유니폼,174930,12,15,1,34,150000,0
323,1105,KIA 타이거즈,788,플레이어 유니폼,369620,1,12,0,46,300000,0
324,1419,한화 이글스,580,기타 한정판 굿즈,417530,2,3,0,38,300000,0
325,1669,삼성 라이온즈,651,모자,42320,21,14,0,6,40000,0
326,1657,KT 위즈,560,어센틱 유니폼,113910,7,17,0,37,150000,0
327,1001,한화 이글스,560,레플리카 유니폼,79870,23,19,0,31,80000,1
328,1944,키움 히어로즈,853,모자,55620,14,6,0,2,40000,0
329,1588,KIA 타이거즈,527,모자,46180,10,4,0,44,40000,0
330,1643,한화 이글스,941,레플리카 유니폼,75850,8,7,0,38,80000,0
331,1089,KT 위즈,542,어센틱 유니폼,168860,6,19,0,36,150000,0
332,1344,롯데 자이언츠,668,레플리카 유니폼,54610,12,17,0,49,80000,0
333,1349,두산 베어스,922,응원 도구,16520,1,16,0,21,20000,0
334,1458,NC 다이노스,585,모자,29160,7,15,1,7,40000,0
335,1262,두산 베어스,676,사인볼,173480,6,8,0,16,150000,0
336,1350,두산 베어스,516,사인볼,185710,23,19,0,26,150000,1
337,1107,LG 트윈스,597,플레이어 유니폼,292310,11,8,0,32,300000,0
338,1585,키움 히어로즈,953,기타 한정판 굿즈,212710,18,18,0,45,300000,0
339,1038,롯데 자이언츠,993,레플리카 유니폼,79610,6,16,0,16,80000,0
340,1908,SSG 랜더스,697,레플리카 유니폼,70270,9,19,0,41,80000,0
341,1158,한화 이글스,597,플레이어 유니폼,260190,15,10,1,11,300000,0
342,1582,NC 다이노스,564,플레이어 유니폼,316950,2,17,0,47,300000,0
343,1958,KIA 타이거즈,829,플레이어 유니폼,262100,9,13,1,45,300000,0
344,1311,롯데 자이언츠,840,모자,24340,5,13,0,26,40000,0
345,1240,삼성 라이온즈,504,응원 도구,13280,17,7,1,47,20000,0
346,1937,SSG 랜더스,501,레플리카 유니폼,47930,17,10,0,7,80000,0
347,1444,LG 트윈스,521,모자,42480,4,2,0,22,40000,0
348,1297,LG 트윈스,611,플레이어 유니폼,307520,20,4,0,41,300000,0
349,1951,롯데 자이언츠,556,레플리카 유니폼,82010,6,6,0,48,80000,0
350,1035,KT 위즈,565,모자,45880,1,18,1,28,40000,0
351,1083,두산 베어스,829,응원 도구,25960,10,6,0,49,20000,0
352,1451,삼성 라이온즈,597,모자,34080,12,17,0,19,40000,0
353,1885,LG 트윈스,643,응원 도구,22030,22,14,0,15,20000,0
354,1774,NC 다이노스,867,플레이어 유니폼,221020,4,11,0,16,300000,0
355,1821,LG 트윈스,934,응원 도구,26890,5,19,0,15,20000,0
356,1384,KIA 타이거즈,624,레플리카 유니폼,55100,23,2,0,18,80000,1
357,1171,한화 이글스,666,플레이어 유니폼,264500,13,3,0,7,300000,0
358,1375,LG 트윈스,585,레플리카 유니폼,68050,11,11,1,37,80000,0
359,1684,KIA 타이거즈,575,사인볼,73690,3,6,0,37,150000,0
360,1361,롯데 자이언츠,843,어센틱 유니폼,150980,22,14,0,28,150000,0
361,1558,롯데 자이언츠,994,응원 도구,21070,5,19,0,40,20000,0
362,1890,SSG 랜더스,923,어센틱 유니폼,144320,9,16,0,35,150000,0
363,1140,LG 트윈스,793,어센틱 유니폼,103790,17,7,0,25,150000,0
364,1886,NC 다이노스,943,응원 도구,29920,14,8,0,30,20000,0
365,1917,LG 트윈스,558,플레이어 유니폼,327460,7,19,0,43,300000,0
366,1117,NC 다이노스,637,사인볼,281710,8,16,0,11,150000,0
367,1276,키움 히어로즈,598,레플리카 유니폼,63900,4,7,1,16,80000,0
368,1725,SSG 랜더스,691,모자,49580,9,9,0,14,40000,0
369,1219,키움 히어로즈,742,레플리카 유니폼,95590,19,13,0,8,80000,0
370,1904,LG 트윈스,818,모자,37090,5,1,1,38,40000,0
371,1025,SSG 랜더스,548,레플리카 유니폼,108220,15,8,1,41,80000,0
372,1520,키움 히어로즈,947,응원 도구,17970,23,4,0,47,20000,1
373,1782,두산 베어스,531,사인볼,131960,2,3,0,11,150000,0
374,1009,LG 트윈스,890,모자,5290,9,3,0,31,40000,0
375,1983,키움 히어로즈,776,기타 한정판 굿즈,340900,10,13,1,24,300000,0
376,1377,두산 베어스,519,플레이어 유니폼,233720,10,8,1,38,300000,0
377,1632,두산 베어스,653,레플리카 유니폼,68990,16,7,0,17,80000,0
378,1636,롯데 자이언츠,882,레플리카 유니폼,59480,3,1,0,14,80000,0
379,1681,LG 트윈스,567,모자,36340,3,16,0,31,40000,0
380,1583,두산 베어스,865,플레이어 유니폼,322190,16,6,0,5,300000,0
381,1151,롯데 자이언츠,871,플레이어 유니폼,300560,8,7,0,43,300000,0
382,1719,키움 히어로즈,713,응원 도구,23550,18,12,0,42,20000,0
383,1048,KIA 타이거즈,642,기타 한정판 굿즈,426560,4,9,1,34,300000,0
384,1153,LG 트윈스,875,응원 도구,18160,21,11,0,33,20000,0
385,1858,SSG 랜더스,731,응원 도구,17610,23,10,0,37,20000,1
386,1292,NC 다이노스,712,응원 도구,24790,5,1,0,4,20000,0
387,1579,NC 다이노스,578,응원 도구,25190,2,18,0,17,20000,0
388,1049,키움 히어로즈,713,응원 도구,23700,21,4,0,15,20000,0
389,1663,KT 위즈,615,사인볼,102390,0,5,0,7,150000,0
390,1530,KT 위즈,591,플레이어 유니폼,321130,19,9,0,24,300000,0
391,1611,키움 히어로즈,769,응원 도구,20550,21,17,1,31,20000,0
392,1059,두산 베어스,910,플레이어 유니폼,352630,15,3,0,25,300000,0
393,1166,LG 트윈스,880,플레이어 유니폼,271360,22,16,0,21,300000,0
394,1201,NC 다이노스,988,어센틱 유니폼,100000,10,5,0,30,150000,0
395,1856,NC 다이노스,667,사인볼,184510,12,16,0,42,150000,0
396,1145,두산 베어스,557,응원 도구,7210,9,3,0,9,20000,0
397,1914,NC 다이노스,783,레플리카 유니폼,65370,2,15,0,11,80000,0
398,1675,SSG 랜더스,525,모자,29770,8,3,0,27,40000,0
399,1969,LG 트윈스,868,기타 한정판 굿즈,197010,11,14,0,5,300000,0
400,1992,한화 이글스,946,레플리카 유니폼,65020,22,16,0,19,80000,0
401,1438,NC 다이노스,565,사인볼,210870,13,17,0,4,150000,0
402,1241,키움 히어로즈,908,모자,48210,0,18,1,22,40000,0
403,1580,SSG 랜더스,747,사인볼,137410,17,18,1,8,150000,0
404,1686,NC 다이노스,753,플레이어 유니폼,356680,16,14,0,28,300000,0
405,1560,SSG 랜더스,886,모자,29380,8,18,0,15,40000,0
406,1482,롯데 자이언츠,955,플레이어 유니폼,240090,8,15,1,45,300000,0
407,1107,한화 이글스,543,레플리카 유니폼,97270,22,15,0,21,80000,0
408,1225,삼성 라이온즈,596,레플리카 유니폼,91590,9,6,0,7,80000,0
409,1672,키움 히어로즈,541,모자,35400,18,15,1,19,40000,0
410,1630,키움 히어로즈,999,모자,28650,14,18,0,13,40000,0
411,1660,LG 트윈스,726,응원 도구,27300,4,4,1,38,20000,0
412,1976,SSG 랜더스,761,사인볼,63990,14,8,1,36,150000,1
413,1661,두산 베어스,666,응원 도구,17010,19,15,0,49,20000,0
414,1431,키움 히어로즈,935,사인볼,161430,22,3,1,33,150000,0
415,1804,SSG 랜더스,778,응원 도구,29010,1,15,0,10,20000,0
416,1654,SSG 랜더스,588,플레이어 유니폼,319160,12,13,0,39,300000,0
417,1418,KIA 타이거즈,878,모자,44800,23,9,0,32,40000,1
418,1987,KIA 타이거즈,677,레플리카 유니폼,68610,15,2,0,30,80000,0
419,1454,삼성 라이온즈,926,사인볼,178420,14,8,0,43,150000,0
420,1159,롯데 자이언츠,902,사인볼,155270,9,17,0,33,150000,0
421,1522,삼성 라이온즈,696,레플리카 유니폼,48230,13,13,0,49,80000,0
422,1649,NC 다이노스,806,응원 도구,23960,9,1,0,6,20000,0
423,1968,두산 베어스,766,사인볼,198520,13,2,0,48,150000,0
424,1589,NC 다이노스,767,기타 한정판 굿즈,380340,22,15,0,22,300000,0
425,1076,KT 위즈,573,플레이어 유니폼,301670,8,12,1,45,300000,0
426,1508,NC 다이노스,507,모자,30440,13,14,1,6,40000,0
427,1440,LG 트윈스,907,레플리카 유니폼,33820,2,2,0,24,80000,0
428,1253,NC 다이노스,975,모자,41570,19,18,1,2,40000,0
429,1920,삼성 라이온즈,796,기타 한정판 굿즈,408190,15,7,0,37,300000,0
430,1769,키움 히어로즈,663,사인볼,199780,1,6,0,19,150000,0
431,1319,키움 히어로즈,984,사인볼,190800,9,14,0,33,150000,0
432,1802,KIA 타이거즈,584,기타 한정판 굿즈,292580,2,8,0,48,300000,0
433,1262,두산 베어스,571,레플리카 유니폼,101750,10,2,1,43,80000,0
434,1596,두산 베어스,554,플레이어 유니폼,346210,10,17,0,43,300000,0
435,1657,LG 트윈스,892,어센틱 유니폼,137320,20,5,0,29,150000,0
436,1834,삼성 라이온즈,546,레플리카 유니폼,93530,20,14,0,16,80000,0
437,1553,KIA 타이거즈,898,어센틱 유니폼,133920,21,3,0,9,150000,0
438,1373,KT 위즈,931,기타 한정판 굿즈,354000,12,5,0,34,300000,0
439,1636,두산 베어스,737,응원 도구,13500,6,16,0,19,20000,0
440,1166,키움 히어로즈,603,어센틱 유니폼,113330,22,18,0,17,150000,0
441,1936,NC 다이노스,709,플레이어 유니폼,352910,16,17,0,44,300000,0
442,1752,NC 다이노스,541,응원 도구,24690,1,11,0,43,20000,0
443,1458,KIA 타이거즈,815,어센틱 유니폼,169010,11,17,0,26,150000,0
444,1998,삼성 라이온즈,967,기타 한정판 굿즈,308800,9,16,0,48,300000,0
445,1279,삼성 라이온즈,953,응원 도구,8040,17,2,0,35,20000,0
446,1699,롯데 자이언츠,767,기타 한정판 굿즈,292510,21,4,0,22,300000,0
447,1301,한화 이글스,885,어센틱 유니폼,163630,10,7,0,31,150000,0
448,1530,두산 베어스,762,기타 한정판 굿즈,246530,15,2,0,9,300000,0
449,1579,삼성 라이온즈,835,플레이어 유니폼,264380,16,6,0,10,300000,0
450,1217,키움 히어로즈,886,어센틱 유니폼,193330,18,17,1,37,150000,0
451,1101,KIA 타이거즈,864,어센틱 유니폼,148190,17,7,0,5,150000,0
452,1553,KT 위즈,758,어센틱 유니폼,163640,2,5,0,40,150000,0
453,1287,롯데 자이언츠,782,레플리카 유니폼,95480,20,5,1,46,80000,0
454,1166,SSG 랜더스,613,레플리카 유니폼,59970,15,16,0,33,80000,0
455,1620,LG 트윈스,862,레플리카 유니폼,83860,5,19,0,35,80000,0
456,1035,KT 위즈,539,플레이어 유니폼,365980,11,9,0,36,300000,0
457,1743,SSG 랜더스,985,응원 도구,29100,10,5,0,16,20000,0
458,1740,NC 다이노스,916,기타 한정판 굿즈,303990,14,8,0,39,300000,0
459,1352,LG 트윈스,719,사인볼,138100,14,9,1,39,150000,0
460,1675,두산 베어스,628,어센틱 유니폼,158070,15,5,0,11,150000,0
461,1898,키움 히어로즈,507,기타 한정판 굿즈,324360,9,10,0,20,300000,0
462,1072,LG 트윈스,600,어센틱 유니폼,191600,11,2,1,39,150000,0
463,1647,한화 이글스,915,플레이어 유니폼,250180,12,9,1,18,300000,0
464,1352,SSG 랜더스,879,어센틱 유니폼,141600,3,11,0,2,150000,0
465,1890,두산 베어스,675,레플리카 유니폼,57660,6,4,0,17,80000,0
466,1069,한화 이글스,606,사인볼,99400,21,2,1,18,150000,0
467,1424,NC 다이노스,600,모자,43770,1,6,0,46,40000,0
468,1998,한화 이글스,759,어센틱 유니폼,174300,14,14,0,5,150000,0
469,1707,롯데 자이언츠,977,기타 한정판 굿즈,235060,7,1,1,15,300000,0
470,1780,롯데 자이언츠,953,레플리카 유니폼,95440,6,18,0,7,80000,0
471,1560,KIA 타이거즈,865,모자,51120,14,7,0,47,40000,0
472,1827,KT 위즈,745,사인볼,246740,22,1,0,17,150000,0
473,1641,KT 위즈,774,모자,40700,13,1,0,47,40000,0
474,1955,두산 베어스,531,레플리카 유니폼,67200,7,1,0,42,80000,0
475,1516,NC 다이노스,636,응원 도구,14990,11,4,0,38,20000,0
476,1427,삼성 라이온즈,511,응원 도구,14490,12,4,0,48,20000,0
477,1538,롯데 자이언츠,894,모자,52500,10,18,0,48,40000,0
478,1159,두산 베어스,801,플레이어 유니폼,224250,16,11,0,11,300000,0
479,1148,삼성 라이온즈,874,기타 한정판 굿즈,421770,16,1,0,44,300000,0
480,1775,KT 위즈,515,기타 한정판 굿즈,213160,23,10,0,9,300000,1
481,1229,KIA 타이거즈,628,모자,33150,3,9,0,6,40000,0
482,1711,한화 이글스,562,어센틱 유니폼,145450,20,4,0,45,150000,0
483,1561,롯데 자이언츠,608,어센틱 유니폼,128890,7,6,0,0,150000,0
484,1066,두산 베어스,874,기타 한정판 굿즈,393200,4,16,0,48,300000,0
485,1811,LG 트윈스,520,기타 한정판 굿즈,481330,15,2,1,35,300000,0
486,1380,삼성 라이온즈,657,응원 도구,16710,3,18,0,20,20000,0
487,1057,한화 이글스,768,플레이어 유니폼,278390,21,10,0,36,300000,0
488,1258,롯데 자이언츠,661,레플리카 유니폼,76730,14,17,1,23,80000,0
489,1341,KT 위즈,759,어센틱 유니폼,166230,11,13,0,24,150000,0
490,1837,NC 다이노스,911,기타 한정판 굿즈,284650,4,18,0,6,300000,0
491,1129,삼성 라이온즈,601,응원 도구,26940,22,13,0,41,20000,0
492,1726,KT 위즈,722,사인볼,207330,15,17,0,16,150000,0
493,1171,롯데 자이언츠,558,응원 도구,14070,13,5,1,28,20000,0
494,1769,삼성 라이온즈,746,어센틱 유니폼,165630,9,11,0,29,150000,0
495,1613,한화 이글스,627,어센틱 유니폼,195610,6,7,0,6,150000,0
496,1208,롯데 자이언츠,782,응원 도구,17530,12,10,0,32,20000,0
497,1802,SSG 랜더스,824,레플리카 유니폼,74110,19,17,0,6,80000,0
498,1353,두산 베어스,524,모자,34720,4,15,0,23,40000,0
499,1470,한화 이글스,630,어센틱 유니폼,134790,2,18,0,10,150000,0
500,1797,삼성 라이온즈,852,응원 도구,11660,14,19,0,8,20000,0
501,1115,NC 다이노스,695,기타 한정판 굿즈,167170,3,2,0,11,300000,0
502,1263,KT 위즈,780,응원 도구,20390,14,4,1,34,20000,0
503,1661,LG 트윈스,903,플레이어 유니폼,375680,13,3,1,3,300000,0
504,1811,KT 위즈,917,모자,33870,19,7,0,35,40000,0
505,1441,삼성 라이온즈,653,사인볼,117860,18,18,0,27,150000,0
506,1547,KT 위즈,881,레플리카 유니폼,114030,12,10,0,12,80000,0
507,1452,두산 베어스,632,사인볼,94590,9,7,0,22,150000,0
508,1844,롯데 자이언츠,726,모자,23390,20,8,1,18,40000,0
509,1476,LG 트윈스,688,모자,31710,4,6,0,41,40000,0
510,1286,키움 히어로즈,975,모자,33370,22,1,0,36,40000,0
511,1302,삼성 라이온즈,976,사인볼,62630,19,4,1,38,150000,1
512,1310,KIA 타이거즈,764,기타 한정판 굿즈,287200,19,14,0,23,300000,0
513,1207,키움 히어로즈,871,모자,49480,5,17,1,15,40000,0
514,1617,KT 위즈,985,응원 도구,13570,3,18,1,32,20000,0
515,1445,삼성 라이온즈,933,사인볼,154380,1,11,0,11,150000,0
516,1669,SSG 랜더스,633,모자,43960,21,14,0,33,40000,0
517,1632,KIA 타이거즈,710,응원 도구,19580,15,9,1,6,20000,0
518,1054,LG 트윈스,559,기타 한정판 굿즈,318570,17,15,1,10,300000,0
519,1911,NC 다이노스,927,플레이어 유니폼,309870,4,12,0,30,300000,0
520,1011,SSG 랜더스,876,기타 한정판 굿즈,218730,21,10,1,28,300000,0
521,1656,키움 히어로즈,894,모자,54990,3,19,0,12,40000,0
522,1399,롯데 자이언츠,949,사인볼,212390,12,19,0,30,150000,0
523,1907,두산 베어스,930,어센틱 유니폼,185700,18,6,1,1,150000,0
524,1647,NC 다이노스,863,모자,50140,22,6,0,38,40000,0
525,1979,SSG 랜더스,863,어센틱 유니폼,102750,1,8,1,14,150000,0
526,1514,롯데 자이언츠,956,응원 도구,24630,12,1,0,10,20000,0
527,1655,롯데 자이언츠,712,플레이어 유니폼,332780,10,17,0,33,300000,0
528,1541,삼성 라이온즈,715,레플리카 유니폼,49270,21,17,0,38,80000,0
529,1236,SSG 랜더스,725,기타 한정판 굿즈,278510,3,15,0,3,300000,0
530,1278,LG 트윈스,969,플레이어 유니폼,313840,21,7,0,10,300000,0
531,1347,KT 위즈,630,모자,56640,19,19,0,28,40000,0
532,1626,KIA 타이거즈,575,어센틱 유니폼,171740,19,3,0,1,150000,0
533,1103,KIA 타이거즈,975,기타 한정판 굿즈,213540,14,11,0,15,300000,0
534,1629,키움 히어로즈,785,어센틱 유니폼,200860,3,19,0,38,150000,0
535,1516,키움 히어로즈,973,사인볼,152190,8,9,1,12,150000,0
536,1979,KIA 타이거즈,995,어센틱 유니폼,142320,6,10,0,36,150000,0
537,1871,LG 트윈스,776,사인볼,133640,18,2,0,16,150000,0
538,1247,두산 베어스,655,응원 도구,11880,18,1,0,20,20000,0
539,1363,한화 이글스,747,기타 한정판 굿즈,289020,5,16,0,43,300000,0
540,1320,KT 위즈,717,기타 한정판 굿즈,349750,5,18,0,18,300000,0
541,1632,두산 베어스,689,레플리카 유니폼,72290,19,17,0,6,80000,0
542,1285,삼성 라이온즈,916,모자,44200,14,6,0,37,40000,0
543,1148,한화 이글스,968,사인볼,106780,14,14,0,7,150000,0
544,1083,한화 이글스,662,레플리카 유니폼,77180,19,15,1,12,80000,0
545,1965,SSG 랜더스,679,어센틱 유니폼,159500,8,14,0,36,150000,0
546,1405,LG 트윈스,533,어센틱 유니폼,155690,3,3,0,1,150000,0
547,1977,LG 트윈스,540,레플리카 유니폼,47890,17,19,0,40,80000,0
548,1455,한화 이글스,806,기타 한정판 굿즈,256100,17,12,0,10,300000,0
549,1742,SSG 랜더스,930,어센틱 유니폼,200320,4,2,0,23,150000,0
550,1799,KT 위즈,837,응원 도구,17540,19,3,0,5,20000,0
551,1160,한화 이글스,813,응원 도구,20080,22,18,0,25,20000,0
552,1783,NC 다이노스,574,레플리카 유니폼,78260,10,1,0,6,80000,0
553,1459,키움 히어로즈,940,사인볼,228410,4,6,0,38,150000,0
554,1549,키움 히어로즈,778,사인볼,214520,21,5,0,18,150000,0
555,1499,두산 베어스,675,레플리카 유니폼,96150,3,1,0,5,80000,0
556,1737,삼성 라이온즈,883,사인볼,101340,11,19,0,42,150000,0
557,1508,키움 히어로즈,649,기타 한정판 굿즈,335920,1,1,0,28,300000,0
558,1653,롯데 자이언츠,772,기타 한정판 굿즈,356790,12,16,0,42,300000,0
559,1803,두산 베어스,824,사인볼,115070,9,12,0,38,150000,0
560,1480,키움 히어로즈,607,응원 도구,15650,8,8,0,1,20000,0
561,1662,삼성 라이온즈,638,사인볼,235250,9,16,0,18,150000,0
562,1113,LG 트윈스,849,기타 한정판 굿즈,269920,6,1,0,3,300000,0
563,1748,LG 트윈스,770,플레이어 유니폼,380750,3,4,0,5,300000,0
564,1577,KT 위즈,846,모자,49970,18,10,0,48,40000,0
565,1360,한화 이글스,918,어센틱 유니폼,162240,9,11,0,36,150000,0
566,1340,NC 다이노스,788,플레이어 유니폼,322630,2,17,0,27,300000,0
567,1769,LG 트윈스,711,사인볼,79980,20,7,0,29,150000,0
568,1986,SSG 랜더스,880,응원 도구,21030,18,12,1,6,20000,0
569,1760,키움 히어로즈,771,레플리카 유니폼,108340,20,7,0,8,80000,0
570,1968,SSG 랜더스,917,사인볼,184070,1,12,0,24,150000,0
571,1448,삼성 라이온즈,565,응원 도구,20770,19,15,1,32,20000,0
572,1842,LG 트윈스,982,모자,57120,9,2,1,0,40000,0
573,1834,NC 다이노스,923,사인볼,140750,1,14,0,5,150000,0
574,1179,삼성 라이온즈,747,기타 한정판 굿즈,238040,1,13,0,17,300000,0
575,1701,롯데 자이언츠,655,레플리카 유니폼,83080,23,4,0,9,80000,1
576,1406,롯데 자이언츠,546,응원 도구,23830,16,14,0,27,20000,0
577,1665,SSG 랜더스,922,응원 도구,11410,15,14,0,10,20000,0
578,1195,한화 이글스,953,응원 도구,21420,15,16,0,32,20000,0
579,1465,두산 베어스,700,모자,48100,13,7,0,0,40000,0
580,1310,한화 이글스,647,사인볼,136520,6,19,1,12,150000,0
581,1261,KT 위즈,623,모자,51070,20,2,1,36,40000,0
582,1418,한화 이글스,500,어센틱 유니폼,169240,10,10,0,19,150000,0
583,1405,KT 위즈,955,어센틱 유니폼,214240,23,18,0,0,150000,1
584,1938,KT 위즈,746,사인볼,112470,0,17,0,2,150000,0
585,1142,NC 다이노스,842,기타 한정판 굿즈,383070,10,5,1,17,300000,0
586,1341,LG 트윈스,627,모자,29830,22,12,0,40,40000,0
587,1315,NC 다이노스,690,레플리카 유니폼,47690,20,6,0,13,80000,0
588,1100,KT 위즈,566,응원 도구,9820,3,9,0,30,20000,0
589,1243,삼성 라이온즈,503,응원 도구,22690,6,1,0,26,20000,0
590,1489,롯데 자이언츠,941,사인볼,159210,14,15,0,16,150000,0
591,1011,KT 위즈,908,기타 한정판 굿즈,252090,17,6,0,45,300000,0
592,1238,NC 다이노스,802,어센틱 유니폼,96790,11,19,0,28,150000,0
593,1560,삼성 라이온즈,793,어센틱 유니폼,129290,16,18,0,35,150000,0
594,1041,NC 다이노스,642,응원 도구,20020,0,6,0,36,20000,0
595,1677,한화 이글스,690,사인볼,189660,10,13,0,25,150000,0
596,1593,키움 히어로즈,520,모자,39830,0,1,1,16,40000,0
597,1428,SSG 랜더스,726,어센틱 유니폼,157560,14,13,1,21,150000,0
598,1802,두산 베어스,812,모자,36240,20,7,1,24,40000,0
599,1157,NC 다이노스,616,기타 한정판 굿즈,474920,9,15,1,1,300000,0
600,1215,두산 베어스,936,어센틱 유니폼,119450,6,12,0,21,150000,0
601,1669,KIA 타이거즈,801,어센틱 유니폼,129020,1,1,0,4,150000,0
602,1461,NC 다이노스,999,플레이어 유니폼,275380,9,15,0,3,300000,0
603,1133,키움 히어로즈,641,어센틱 유니폼,166280,23,4,1,35,150000,1
604,1066,두산 베어스,983,레플리카 유니폼,59220,3,13,0,5,80000,0
605,1847,KT 위즈,959,사인볼,156790,11,5,0,20,150000,0
606,1006,NC 다이노스,900,사인볼,158250,18,2,1,12,150000,0
607,1947,LG 트윈스,538,모자,33060,10,1,0,36,40000,0
608,1525,SSG 랜더스,892,기타 한정판 굿즈,333000,7,16,0,24,300000,0
609,1072,키움 히어로즈,854,어센틱 유니폼,119770,17,6,0,25,150000,0
610,1398,두산 베어스,751,레플리카 유니폼,57660,10,16,0,38,80000,0
611,1404,키움 히어로즈,832,모자,41000,10,14,0,19,40000,0
612,1674,삼성 라이온즈,706,플레이어 유니폼,217010,12,3,0,32,300000,0
613,1577,SSG 랜더스,709,모자,18550,2,15,0,13,40000,0
614,1858,KT 위즈,614,모자,45330,11,3,1,35,40000,0
615,1129,NC 다이노스,724,어센틱 유니폼,181470,2,2,0,16,150000,0
616,1930,NC 다이노스,633,플레이어 유니폼,276660,9,1,0,20,300000,0
617,1465,NC 다이노스,750,모자,33320,16,9,0,45,40000,0
618,1205,SSG 랜더스,718,레플리카 유니폼,100110,21,9,0,15,80000,0
619,1787,LG 트윈스,906,레플리카 유니폼,57090,1,7,0,45,80000,0
620,1977,KIA 타이거즈,942,사인볼,81830,16,3,0,15,150000,0
621,1767,롯데 자이언츠,590,플레이어 유니폼,335380,15,18,0,19,300000,0
622,1265,한화 이글스,853,플레이어 유니폼,300450,1,11,0,28,300000,0
623,1536,두산 베어스,875,사인볼,203240,21,7,0,27,150000,0
624,1961,LG 트윈스,545,모자,18600,19,9,0,7,40000,0
625,1792,KT 위즈,537,플레이어 유니폼,229970,5,1,0,23,300000,0
626,1252,두산 베어스,641,레플리카 유니폼,80290,9,14,0,2,80000,0
627,1821,NC 다이노스,599,레플리카 유니폼,88350,9,6,0,24,80000,0
628,1288,키움 히어로즈,827,어센틱 유니폼,175410,7,7,1,18,150000,0
629,1163,KT 위즈,689,플레이어 유니폼,308740,0,10,0,32,300000,0
630,1094,두산 베어스,534,모자,41650,12,7,0,1,40000,0
631,1781,NC 다이노스,646,사인볼,130530,23,2,0,14,150000,1
632,1832,두산 베어스,529,사인볼,229550,8,4,0,21,150000,0
633,1109,키움 히어로즈,833,모자,28970,21,17,0,9,40000,0
634,1335,NC 다이노스,583,기타 한정판 굿즈,335900,9,1,0,17,300000,0
635,1821,KIA 타이거즈,868,응원 도구,15060,14,10,0,21,20000,0
636,1237,LG 트윈스,780,어센틱 유니폼,166040,4,19,0,45,150000,0
637,1380,삼성 라이온즈,923,사인볼,98150,21,15,0,48,150000,0
638,1435,한화 이글스,843,플레이어 유니폼,337190,15,10,0,26,300000,0
639,1898,SSG 랜더스,769,어센틱 유니폼,153360,12,19,0,12,150000,0
640,1482,한화 이글스,653,플레이어 유니폼,387230,21,12,0,32,300000,0
641,1936,KT 위즈,601,기타 한정판 굿즈,271900,19,16,1,4,300000,0
642,1901,한화 이글스,714,레플리카 유니폼,88500,17,9,0,25,80000,0
643,1024,NC 다이노스,649,어센틱 유니폼,126610,10,15,0,12,150000,0
644,1652,KIA 타이거즈,931,사인볼,135610,8,17,0,26,150000,0
645,1116,삼성 라이온즈,582,어센틱 유니폼,153170,15,14,0,13,150000,0
646,1481,LG 트윈스,609,어센틱 유니폼,104180,1,18,0,23,150000,0
647,1391,LG 트윈스,934,어센틱 유니폼,107470,1,2,0,2,150000,0
648,1916,키움 히어로즈,886,응원 도구,23000,11,4,0,46,20000,0
649,1993,SSG 랜더스,925,어센틱 유니폼,145620,7,18,0,48,150000,0
650,1963,두산 베어스,774,플레이어 유니폼,270350,8,7,1,29,300000,0
651,1536,KIA 타이거즈,700,레플리카 유니폼,65260,11,13,0,34,80000,0
652,1078,두산 베어스,783,기타 한정판 굿즈,230150,8,15,0,47,300000,0
653,1579,삼성 라이온즈,967,모자,41130,9,1,1,13,40000,0
654,1172,한화 이글스,672,어센틱 유니폼,163350,1,11,1,11,150000,0
655,1955,LG 트윈스,826,사인볼,45390,15,10,0,27,150000,0
656,1011,삼성 라이온즈,705,어센틱 유니폼,192390,19,5,0,43,150000,0
657,1799,한화 이글스,562,사인볼,217090,6,16,1,28,150000,0
658,1127,LG 트윈스,572,플레이어 유니폼,183470,1,11,0,42,300000,0
659,1607,한화 이글스,750,사인볼,204300,0,6,0,16,150000,0
660,1091,SSG 랜더스,623,모자,50550,18,9,0,39,40000,0
661,1652,KIA 타이거즈,874,레플리카 유니폼,80010,3,13,0,48,80000,0
662,1542,KT 위즈,620,사인볼,85140,23,8,0,20,150000,1
663,1845,삼성 라이온즈,774,사인볼,200760,21,14,0,22,150000,0
664,1531,삼성 라이온즈,930,레플리카 유니폼,75180,1,1,0,19,80000,0
665,1657,롯데 자이언츠,999,모자,45490,13,17,0,10,40000,0
666,1988,NC 다이노스,897,어센틱 유니폼,216580,1,5,0,33,150000,0
667,1827,SSG 랜더스,619,사인볼,162590,14,2,1,9,150000,0
668,1446,SSG 랜더스,921,레플리카 유니폼,61660,11,9,1,9,80000,0
669,1389,두산 베어스,936,플레이어 유니폼,283210,4,4,0,42,300000,0
670,1671,한화 이글스,816,레플리카 유니폼,64210,19,17,0,5,80000,0
671,1860,NC 다이노스,663,플레이어 유니폼,321670,6,17,0,35,300000,0
672,1042,KIA 타이거즈,923,모자,31940,23,18,0,23,40000,1
673,1253,KIA 타이거즈,964,어센틱 유니폼,135810,20,16,0,11,150000,0
674,1129,SSG 랜더스,785,레플리카 유니폼,54310,9,8,0,42,80000,0
675,1059,KIA 타이거즈,764,기타 한정판 굿즈,286790,13,11,1,22,300000,0
676,1662,롯데 자이언츠,819,기타 한정판 굿즈,317680,13,18,0,26,300000,0
677,1466,삼성 라이온즈,660,응원 도구,6580,4,10,0,44,20000,0
678,1286,키움 히어로즈,875,사인볼,162980,17,13,0,36,150000,0
679,1516,KT 위즈,807,모자,39540,23,17,0,5,40000,1
680,1466,두산 베어스,588,레플리카 유니폼,64700,13,18,0,0,80000,0
681,1929,한화 이글스,641,기타 한정판 굿즈,502860,1,10,0,5,300000,0
682,1777,KT 위즈,702,사인볼,197920,11,16,0,49,150000,0
683,1344,한화 이글스,808,기타 한정판 굿즈,190360,21,5,1,21,300000,0
684,1641,LG 트윈스,726,레플리카 유니폼,96760,23,13,0,40,80000,1
685,1381,KT 위즈,988,플레이어 유니폼,362220,5,18,1,23,300000,0
686,1778,키움 히어로즈,942,레플리카 유니폼,82640,3,17,0,24,80000,0
687,1689,SSG 랜더스,833,응원 도구,21810,12,9,0,14,20000,0
688,1252,롯데 자이언츠,721,레플리카 유니폼,86770,3,14,0,25,80000,0
689,1926,삼성 라이온즈,540,레플리카 유니폼,38280,21,17,0,7,80000,0
690,1055,삼성 라이온즈,695,응원 도구,19070,13,4,0,23,20000,0
691,1462,롯데 자이언츠,567,모자,37610,15,18,0,47,40000,0
692,1456,NC 다이노스,975,레플리카 유니폼,108600,3,15,0,37,80000,0
693,1982,LG 트윈스,763,응원 도구,21670,23,11,0,5,20000,1
694,1082,한화 이글스,501,사인볼,135120,0,12,0,34,150000,0
695,1904,키움 히어로즈,860,플레이어 유니폼,295490,12,9,0,41,300000,0
696,1098,KIA 타이거즈,624,플레이어 유니폼,351170,3,13,0,0,300000,0
697,1148,KT 위즈,609,레플리카 유니폼,76310,19,15,0,45,80000,0
698,1328,LG 트윈스,585,모자,33020,17,15,0,35,40000,0
699,1155,KT 위즈,924,모자,37240,5,5,1,11,40000,0
700,1189,키움 히어로즈,619,사인볼,197030,2,19,0,37,150000,0
701,1493,두산 베어스,626,레플리카 유니폼,89920,22,14,0,10,80000,0
702,1882,두산 베어스,754,플레이어 유니폼,302210,12,17,0,11,300000,0
703,1262,LG 트윈스,682,모자,41920,15,18,0,41,40000,0
704,1079,SSG 랜더스,515,레플리카 유니폼,68810,4,3,0,49,80000,0
705,1399,키움 히어로즈,976,기타 한정판 굿즈,280610,3,2,1,38,300000,0
706,1763,키움 히어로즈,561,모자,33370,20,1,1,6,40000,0
707,1608,롯데 자이언츠,868,응원 도구,18530,7,10,0,10,20000,0
708,1259,SSG 랜더스,931,기타 한정판 굿즈,434620,18,19,0,35,300000,0
709,1771,한화 이글스,657,모자,29220,13,17,0,30,40000,0
710,1614,한화 이글스,767,플레이어 유니폼,265560,6,12,0,32,300000,0
711,1551,KIA 타이거즈,534,어센틱 유니폼,112370,13,1,0,12,150000,0
712,1784,삼성 라이온즈,766,기타 한정판 굿즈,152910,5,12,0,17,300000,0
713,1100,두산 베어스,563,사인볼,140660,11,17,0,40,150000,0
714,1358,한화 이글스,993,사인볼,119120,15,3,1,23,150000,0
715,1379,SSG 랜더스,549,플레이어 유니폼,388080,16,11,0,8,300000,0
716,1819,키움 히어로즈,968,모자,37170,12,17,0,30,40000,0
717,1220,한화 이글스,754,레플리카 유니폼,105790,22,3,1,40,80000,0
718,1819,키움 히어로즈,648,모자,49680,13,8,0,9,40000,0
719,1419,한화 이글스,824,플레이어 유니폼,289550,6,4,1,1,300000,0
720,1123,두산 베어스,803,사인볼,255510,13,7,0,37,150000,0
721,1421,KT 위즈,775,모자,42690,14,14,0,14,40000,0
722,1230,한화 이글스,856,사인볼,225650,11,14,1,2,150000,0
723,1689,SSG 랜더스,950,기타 한정판 굿즈,439660,16,4,0,42,300000,0
724,1062,한화 이글스,671,레플리카 유니폼,88290,8,16,0,30,80000,0
725,1484,삼성 라이온즈,916,기타 한정판 굿즈,375110,21,1,0,5,300000,0
726,1627,두산 베어스,700,사인볼,181200,14,17,0,2,150000,0
727,1702,SSG 랜더스,944,사인볼,92790,11,10,0,10,150000,0
728,1573,롯데 자이언츠,892,어센틱 유니폼,151720,1,16,1,14,150000,0
729,1767,SSG 랜더스,823,어센틱 유니폼,182230,4,16,1,44,150000,0
730,1482,삼성 라이온즈,534,기타 한정판 굿즈,452620,12,8,1,27,300000,0
731,1518,KT 위즈,964,응원 도구,16400,19,7,0,9,20000,0
732,1154,두산 베어스,981,기타 한정판 굿즈,352880,22,6,0,37,300000,0
733,1091,롯데 자이언츠,715,어센틱 유니폼,154530,7,16,0,46,150000,0
734,1981,삼성 라이온즈,979,사인볼,144110,13,16,1,49,150000,0
735,1525,삼성 라이온즈,564,플레이어 유니폼,317800,14,7,0,49,300000,0
736,1454,LG 트윈스,507,기타 한정판 굿즈,321800,10,9,0,6,300000,0
737,1740,두산 베어스,800,사인볼,177070,0,14,0,14,150000,0
738,1597,SSG 랜더스,842,플레이어 유니폼,372090,20,11,0,17,300000,0
739,1644,키움 히어로즈,930,플레이어 유니폼,339210,2,14,0,17,300000,0
740,1509,KT 위즈,923,어센틱 유니폼,159320,16,7,1,40,150000,0
741,1182,키움 히어로즈,831,기타 한정판 굿즈,486460,18,1,1,23,300000,0
742,1385,SSG 랜더스,937,모자,51100,13,13,0,1,40000,0
743,1573,SSG 랜더스,575,레플리카 유니폼,78150,21,3,0,39,80000,0
744,1730,두산 베어스,673,어센틱 유니폼,113490,22,4,1,19,150000,0
745,1404,SSG 랜더스,546,어센틱 유니폼,120370,7,11,0,33,150000,0
746,1245,LG 트윈스,514,모자,49330,12,2,0,42,40000,0
747,1741,롯데 자이언츠,860,레플리카 유니폼,67390,19,14,0,25,80000,0
748,1590,SSG 랜더스,646,사인볼,99600,2,12,0,6,150000,0
749,1660,키움 히어로즈,525,응원 도구,16210,4,17,0,37,20000,0
750,1649,SSG 랜더스,807,기타 한정판 굿즈,231260,8,12,0,29,300000,0
751,1470,LG 트윈스,592,응원 도구,24250,5,12,0,41,20000,0
752,1825,한화 이글스,905,사인볼,142160,21,1,0,4,150000,0
753,1887,한화 이글스,731,어센틱 유니폼,108830,1,13,1,10,150000,0
754,1422,삼성 라이온즈,520,레플리카 유니폼,80620,12,14,1,0,80000,0
755,1900,KT 위즈,806,어센틱 유니폼,156670,4,2,1,33,150000,0
756,1064,KIA 타이거즈,537,플레이어 유니폼,276030,7,12,0,0,300000,0
757,1012,롯데 자이언츠,775,어센틱 유니폼,184680,22,16,0,18,150000,0
758,1212,NC 다이노스,656,어센틱 유니폼,137370,0,4,0,1,150000,0
759,1985,삼성 라이온즈,678,사인볼,205420,19,8,1,20,150000,0
760,1241,KT 위즈,631,사인볼,179840,11,2,0,19,150000,0
761,1492,한화 이글스,810,사인볼,196330,22,10,0,22,150000,0
762,1212,키움 히어로즈,954,응원 도구,14510,10,9,0,20,20000,0
763,1692,NC 다이노스,847,플레이어 유니폼,304920,6,15,0,23,300000,0
764,1337,KT 위즈,527,사인볼,147360,14,13,0,3,150000,0
765,1996,KT 위즈,759,레플리카 유니폼,51560,21,17,1,11,80000,0
766,1172,삼성 라이온즈,905,응원 도구,25530,23,16,1,21,20000,1
767,1671,NC 다이노스,575,모자,31830,10,2,0,19,40000,0
768,1163,두산 베어스,928,레플리카 유니폼,67810,21,14,1,17,80000,0
769,1464,KIA 타이거즈,566,기타 한정판 굿즈,198670,15,3,0,0,300000,0
770,1994,두산 베어스,841,기타 한정판 굿즈,370120,2,12,0,29,300000,0
771,1496,NC 다이노스,991,레플리카 유니폼,49480,19,8,0,32,80000,0
772,1699,두산 베어스,693,사인볼,180890,13,2,0,23,150000,0
773,1394,LG 트윈스,971,모자,50450,2,4,0,13,40000,0
774,1702,한화 이글스,661,모자,45370,0,14,1,35,40000,0
775,1916,LG 트윈스,846,응원 도구,23560,20,16,0,4,20000,0
776,1307,SSG 랜더스,938,모자,47600,14,19,0,10,40000,0
777,1767,두산 베어스,860,기타 한정판 굿즈,205060,0,2,0,23,300000,0
778,1182,SSG 랜더스,756,플레이어 유니폼,371740,16,12,1,30,300000,0
779,1628,키움 히어로즈,571,사인볼,127000,1,14,0,12,150000,0
780,1793,롯데 자이언츠,586,모자,39340,19,6,0,15,40000,0
781,1509,키움 히어로즈,921,응원 도구,18340,5,13,0,23,20000,0
782,1707,NC 다이노스,761,기타 한정판 굿즈,349150,7,4,0,12,300000,0
783,1545,KT 위즈,713,플레이어 유니폼,273100,15,18,0,23,300000,0
784,1563,한화 이글스,652,어센틱 유니폼,152010,18,12,0,25,150000,0
785,1623,두산 베어스,709,어센틱 유니폼,112940,0,19,0,1,150000,0
786,1763,삼성 라이온즈,900,플레이어 유니폼,358230,2,8,0,15,300000,0
787,1593,롯데 자이언츠,560,기타 한정판 굿즈,367070,2,7,1,37,300000,0
788,1743,KIA 타이거즈,767,응원 도구,18540,4,16,0,45,20000,0
789,1226,KIA 타이거즈,761,플레이어 유니폼,276540,11,19,0,0,300000,0
790,1744,KIA 타이거즈,717,사인볼,182230,11,6,1,48,150000,0
791,1732,두산 베어스,782,사인볼,114640,19,11,0,10,150000,0
792,1435,KIA 타이거즈,635,어센틱 유니폼,153760,12,5,1,34,150000,0
793,1924,LG 트윈스,966,모자,51610,19,16,0,42,40000,0
794,1421,롯데 자이언츠,879,응원 도구,15940,8,7,0,28,20000,0
795,1553,LG 트윈스,861,어센틱 유니폼,161060,6,5,0,36,150000,0
796,1020,KT 위즈,948,모자,43160,3,11,1,16,40000,0
797,1553,롯데 자이언츠,940,모자,39030,18,15,0,38,40000,0
798,1396,LG 트윈스,592,사인볼,124810,21,3,0,41,150000,0
799,1624,롯데 자이언츠,608,기타 한정판 굿즈,421480,18,5,1,27,300000,0
800,1104,KT 위즈,740,레플리카 유니폼,68050,5,5,0,28,80000,0
801,1191,SSG 랜더스,854,기타 한정판 굿즈,118800,12,9,0,42,300000,0
802,1016,두산 베어스,923,레플리카 유니폼,92810,10,15,0,2,80000,0
803,1119,두산 베어스,641,플레이어 유니폼,239930,12,3,0,9,300000,0
804,1392,KIA 타이거즈,790,사인볼,184590,12,6,0,41,150000,0
805,1424,키움 히어로즈,931,모자,53350,21,17,0,13,40000,0
806,1128,KIA 타이거즈,736,응원 도구,23150,19,8,0,11,20000,0
807,1129,NC 다이노스,839,레플리카 유니폼,101430,14,11,0,46,80000,0
808,1571,LG 트윈스,811,기타 한정판 굿즈,502000,20,6,1,41,300000,0
809,1559,롯데 자이언츠,676,모자,49670,12,8,1,29,40000,0
810,1028,키움 히어로즈,640,레플리카 유니폼,86610,21,10,0,31,80000,0
811,1096,KT 위즈,688,레플리카 유니폼,112680,10,3,1,31,80000,0
812,1009,NC 다이노스,985,레플리카 유니폼,115100,18,14,0,41,80000,0
813,1241,KT 위즈,548,응원 도구,28840,7,14,0,31,20000,0
814,1825,두산 베어스,801,사인볼,125390,19,10,0,25,150000,0
815,1955,두산 베어스,868,응원 도구,13230,7,12,0,0,20000,0
816,1231,KIA 타이거즈,689,어센틱 유니폼,133400,9,6,0,41,150000,0
817,1788,LG 트윈스,635,모자,47040,15,12,1,1,40000,0
818,1283,키움 히어로즈,542,사인볼,157960,18,14,0,16,150000,0
819,1714,한화 이글스,903,사인볼,139680,22,2,1,29,150000,0
820,1758,NC 다이노스,879,사인볼,178020,10,9,0,38,150000,0
821,1801,NC 다이노스,852,기타 한정판 굿즈,152920,12,10,0,6,300000,0
822,1775,KIA 타이거즈,589,사인볼,157060,8,17,0,26,150000,0
823,1954,두산 베어스,794,응원 도구,25590,19,17,0,8,20000,0
824,1725,KIA 타이거즈,840,사인볼,177470,23,3,0,21,150000,1
825,1199,롯데 자이언츠,744,플레이어 유니폼,334590,18,19,0,33,300000,0
826,1944,키움 히어로즈,932,모자,55970,15,1,0,45,40000,0
827,1078,LG 트윈스,691,사인볼,146690,6,12,0,48,150000,0
828,1912,SSG 랜더스,817,모자,33470,18,7,0,0,40000,0
829,1955,삼성 라이온즈,605,플레이어 유니폼,359480,11,4,0,8,300000,0
830,1854,삼성 라이온즈,862,플레이어 유니폼,358560,14,10,1,19,300000,0
831,1855,KIA 타이거즈,809,모자,45580,22,13,0,18,40000,0
832,1172,롯데 자이언츠,881,레플리카 유니폼,76790,13,2,0,35,80000,0
833,1466,키움 히어로즈,732,어센틱 유니폼,150040,10,10,1,39,150000,0
834,1580,한화 이글스,764,기타 한정판 굿즈,172320,9,4,0,44,300000,0
835,1415,삼성 라이온즈,843,레플리카 유니폼,102260,10,18,0,3,80000,0
836,1939,키움 히어로즈,536,레플리카 유니폼,101550,5,5,1,8,80000,0
837,1448,LG 트윈스,804,응원 도구,13440,1,19,0,40,20000,0
838,1086,KT 위즈,540,기타 한정판 굿즈,386760,10,2,0,21,300000,0
839,1100,롯데 자이언츠,516,기타 한정판 굿즈,340410,18,12,0,17,300000,0
840,1007,두산 베어스,843,레플리카 유니폼,59560,5,17,1,11,80000,0
841,1844,키움 히어로즈,776,사인볼,89700,13,10,1,41,150000,0
842,1199,LG 트윈스,806,응원 도구,21870,19,2,0,42,20000,0
843,1504,한화 이글스,558,응원 도구,18010,5,6,0,38,20000,0
844,1086,SSG 랜더스,922,플레이어 유니폼,391000,16,8,0,8,300000,0
845,1042,두산 베어스,682,기타 한정판 굿즈,395260,9,19,0,5,300000,0
846,1384,SSG 랜더스,540,레플리카 유니폼,89470,0,11,0,18,80000,0
847,1620,한화 이글스,538,플레이어 유니폼,326150,2,12,0,47,300000,0
848,1434,LG 트윈스,896,모자,53310,7,9,1,46,40000,0
849,1407,삼성 라이온즈,691,어센틱 유니폼,175400,7,2,1,6,150000,0
850,1482,SSG 랜더스,766,응원 도구,22500,19,8,0,15,20000,0
851,1663,두산 베어스,993,모자,30200,21,11,0,4,40000,0
852,1016,KIA 타이거즈,646,모자,70620,14,4,0,15,40000,0
853,1644,NC 다이노스,894,사인볼,94840,23,10,0,0,150000,1
854,1147,키움 히어로즈,832,어센틱 유니폼,140620,6,16,0,36,150000,0
855,1276,삼성 라이온즈,626,모자,23450,10,8,1,38,40000,0
856,1231,SSG 랜더스,545,모자,45390,6,4,0,18,40000,0
857,1825,KT 위즈,544,어센틱 유니폼,154530,3,10,0,36,150000,0
858,1926,키움 히어로즈,500,어센틱 유니폼,172960,11,12,0,16,150000,0
859,1365,KIA 타이거즈,667,모자,22610,5,14,0,25,40000,0
860,1227,한화 이글스,607,어센틱 유니폼,183390,13,16,0,21,150000,0
861,1650,NC 다이노스,518,모자,31930,11,18,0,7,40000,0
862,1435,LG 트윈스,831,모자,38510,10,12,0,32,40000,0
863,1398,KIA 타이거즈,571,사인볼,196580,18,18,1,1,150000,0
864,1210,KIA 타이거즈,955,레플리카 유니폼,85230,20,7,0,29,80000,0
865,1390,한화 이글스,944,모자,43320,4,7,0,46,40000,0
866,1498,롯데 자이언츠,608,플레이어 유니폼,339960,13,9,0,19,300000,0
867,1539,한화 이글스,767,응원 도구,22140,20,1,0,17,20000,0
868,1562,롯데 자이언츠,944,기타 한정판 굿즈,265890,23,6,0,42,300000,1
869,1490,롯데 자이언츠,739,레플리카 유니폼,76670,15,6,0,9,80000,0
870,1441,삼성 라이온즈,916,레플리카 유니폼,84240,12,12,0,23,80000,0
871,1260,삼성 라이온즈,800,레플리카 유니폼,62090,21,12,0,3,80000,0
872,1772,두산 베어스,589,사인볼,199800,21,10,0,36,150000,0
873,1349,SSG 랜더스,602,모자,42890,19,6,0,3,40000,0
874,1351,SSG 랜더스,975,사인볼,153740,21,17,1,12,150000,0
875,1519,LG 트윈스,749,모자,51920,3,19,0,24,40000,0
876,1319,SSG 랜더스,952,사인볼,143990,10,18,0,12,150000,0
877,1137,삼성 라이온즈,507,사인볼,140880,16,6,0,17,150000,0
878,1549,두산 베어스,652,응원 도구,17580,6,19,0,23,20000,0
879,1622,두산 베어스,846,플레이어 유니폼,317150,13,10,1,1,300000,0
880,1991,롯데 자이언츠,673,사인볼,165420,10,8,0,47,150000,0
881,1367,한화 이글스,842,응원 도구,16670,21,6,1,32,20000,0
882,1219,LG 트윈스,657,어센틱 유니폼,144670,8,7,1,18,150000,0
883,1336,롯데 자이언츠,992,플레이어 유니폼,267020,22,1,0,8,300000,0
884,1222,한화 이글스,930,사인볼,114760,12,18,0,27,150000,0
885,1647,SSG 랜더스,714,기타 한정판 굿즈,127010,22,12,0,34,300000,0
886,1767,롯데 자이언츠,676,레플리카 유니폼,75380,17,16,1,38,80000,0
887,1359,키움 히어로즈,674,어센틱 유니폼,98930,10,10,0,9,150000,0
888,1920,SSG 랜더스,839,어센틱 유니폼,136120,14,10,0,0,150000,0
889,1328,한화 이글스,837,응원 도구,16940,21,14,0,41,20000,0
890,1961,LG 트윈스,645,어센틱 유니폼,181560,18,10,0,20,150000,0
891,1462,한화 이글스,949,플레이어 유니폼,249250,0,10,0,8,300000,0
892,1945,롯데 자이언츠,823,사인볼,111940,3,11,0,46,150000,0
893,1962,롯데 자이언츠,977,사인볼,130920,13,2,0,14,150000,0
894,1560,KIA 타이거즈,660,기타 한정판 굿즈,241990,13,8,1,34,300000,0
895,1803,LG 트윈스,626,레플리카 유니폼,107390,2,7,0,4,80000,0
896,1381,KT 위즈,919,응원 도구,14310,16,8,0,40,20000,0
897,1835,SSG 랜더스,581,레플리카 유니폼,72410,2,1,0,21,80000,0
898,1589,두산 베어스,984,어센틱 유니폼,159960,15,2,0,40,150000,0
899,1616,LG 트윈스,646,기타 한정판 굿즈,388120,13,18,0,22,300000,0
900,1168,두산 베어스,738,레플리카 유니폼,72400,19,15,0,6,80000,0
901,1216,LG 트윈스,911,플레이어 유니폼,204100,12,1,0,22,300000,0
902,1377,LG 트윈스,923,사인볼,142490,14,5,0,43,150000,0
903,1118,한화 이글스,583,어센틱 유니폼,190560,13,2,0,24,150000,0
904,1189,LG 트윈스,612,기타 한정판 굿즈,328220,23,3,0,26,300000,1
905,1766,KIA 타이거즈,724,레플리카 유니폼,84730,18,19,0,40,80000,0
906,1369,KT 위즈,831,응원 도구,14680,5,18,0,5,20000,0
907,1777,롯데 자이언츠,877,플레이어 유니폼,241720,9,18,0,33,300000,0
908,1148,NC 다이노스,742,플레이어 유니폼,300900,14,14,0,8,300000,0
909,1675,두산 베어스,642,레플리카 유니폼,51470,20,8,0,48,80000,0
910,1651,롯데 자이언츠,540,사인볼,189070,21,12,0,32,150000,0
911,1858,NC 다이노스,922,레플리카 유니폼,63070,19,10,1,5,80000,0
912,1487,KT 위즈,757,어센틱 유니폼,149260,5,17,1,36,150000,0
913,1769,KT 위즈,946,레플리카 유니폼,42280,22,11,0,30,80000,0
914,1373,두산 베어스,784,플레이어 유니폼,280310,9,2,0,33,300000,0
915,1780,두산 베어스,604,기타 한정판 굿즈,181410,6,4,1,40,300000,0
916,1692,KT 위즈,701,레플리카 유니폼,33560,21,1,0,28,80000,0
917,1159,NC 다이노스,949,사인볼,177090,16,15,0,13,150000,0
918,1350,LG 트윈스,806,기타 한정판 굿즈,464120,17,13,1,35,300000,0
919,1911,SSG 랜더스,830,응원 도구,25650,16,8,0,35,20000,0
920,1287,키움 히어로즈,960,모자,46820,8,4,0,14,40000,0
921,1287,롯데 자이언츠,765,레플리카 유니폼,71720,9,10,0,7,80000,0
922,1891,한화 이글스,897,사인볼,190290,9,19,0,25,150000,0
923,1225,롯데 자이언츠,709,기타 한정판 굿즈,422390,6,18,0,35,300000,0
924,1522,한화 이글스,550,사인볼,156840,15,5,0,47,150000,0
925,1521,NC 다이노스,617,응원 도구,14080,17,19,0,20,20000,0
926,1782,한화 이글스,700,플레이어 유니폼,275030,5,16,0,27,300000,0
927,1272,두산 베어스,876,사인볼,235130,19,1,0,3,150000,0
928,1935,SSG 랜더스,538,기타 한정판 굿즈,292530,0,12,0,15,300000,0
929,1401,SSG 랜더스,527,사인볼,0,0,2,0,21,150000,0
930,1182,두산 베어스,758,사인볼,76550,11,8,0,11,150000,0
931,1968,KIA 타이거즈,583,사인볼,128780,20,18,0,15,150000,0
932,1664,NC 다이노스,953,어센틱 유니폼,181070,1,16,1,39,150000,0
933,1487,KIA 타이거즈,654,어센틱 유니폼,141810,3,5,0,37,150000,0
934,1826,KIA 타이거즈,616,플레이어 유니폼,352720,16,13,0,41,300000,0
935,1845,롯데 자이언츠,501,레플리카 유니폼,69480,3,19,0,36,80000,0
936,1123,KT 위즈,592,사인볼,51790,10,3,0,28,150000,0
937,1984,롯데 자이언츠,665,응원 도구,17540,21,8,0,17,20000,0
938,1625,KT 위즈,886,레플리카 유니폼,86900,3,12,0,9,80000,0
939,1789,키움 히어로즈,899,응원 도구,21310,0,2,0,41,20000,0
940,1413,한화 이글스,849,레플리카 유니폼,54900,6,11,0,38,80000,0
941,1979,KT 위즈,795,플레이어 유니폼,282440,17,12,1,17,300000,0
942,1724,두산 베어스,757,사인볼,284230,8,18,1,0,150000,0
943,1171,롯데 자이언츠,580,사인볼,88340,2,13,0,38,150000,0
944,1287,NC 다이노스,924,모자,46610,7,5,0,20,40000,0
945,1434,한화 이글스,767,응원 도구,9520,23,12,0,0,20000,1
946,1685,키움 히어로즈,918,레플리카 유니폼,97280,18,2,0,14,80000,0
947,1112,KT 위즈,734,레플리카 유니폼,62150,3,5,0,3,80000,0
948,1887,키움 히어로즈,820,어센틱 유니폼,162060,17,7,0,19,150000,0
949,1916,NC 다이노스,810,모자,27080,19,12,1,9,40000,0
950,1994,KIA 타이거즈,800,기타 한정판 굿즈,329090,10,16,0,22,300000,0
951,1121,SSG 랜더스,962,기타 한정판 굿즈,209130,13,8,0,40,300000,0
952,1543,NC 다이노스,973,어센틱 유니폼,128550,17,9,0,33,150000,0
953,1221,삼성 라이온즈,856,어센틱 유니폼,163260,15,15,0,45,150000,0
954,1630,NC 다이노스,712,어센틱 유니폼,137090,2,5,0,47,150000,0
955,1038,키움 히어로즈,561,응원 도구,21900,14,13,0,32,20000,0
956,1496,두산 베어스,548,응원 도구,19050,3,5,1,33,20000,0
957,1779,롯데 자이언츠,626,플레이어 유니폼,303370,4,11,0,38,300000,0
958,1232,두산 베어스,722,플레이어 유니폼,322250,16,10,0,9,300000,0
959,1942,키움 히어로즈,908,어센틱 유니폼,139500,6,13,1,19,150000,0
960,1529,롯데 자이언츠,778,모자,30040,15,9,0,0,40000,0
961,1148,삼성 라이온즈,907,레플리카 유니폼,69350,13,14,0,12,80000,0
962,1396,SSG 랜더스,793,응원 도구,25980,15,18,0,0,20000,0
963,1660,한화 이글스,783,모자,41160,6,15,0,4,40000,0
964,1637,키움 히어로즈,776,사인볼,107760,8,10,0,15,150000,0
965,1903,KT 위즈,937,응원 도구,22010,3,7,0,14,20000,0
966,1301,키움 히어로즈,606,응원 도구,22340,21,8,1,48,20000,0
967,1359,키움 히어로즈,645,플레이어 유니폼,326000,10,3,0,27,300000,0
968,1237,롯데 자이언츠,919,레플리카 유니폼,60440,1,15,0,30,80000,0
969,1646,LG 트윈스,598,레플리카 유니폼,66350,11,16,0,22,80000,0
970,1662,NC 다이노스,928,기타 한정판 굿즈,232320,11,4,0,47,300000,0
971,1235,LG 트윈스,874,기타 한정판 굿즈,263940,3,6,0,44,300000,0
972,1735,삼성 라이온즈,572,기타 한정판 굿즈,353890,17,1,0,42,300000,0
973,1202,KT 위즈,936,기타 한정판 굿즈,329620,20,4,0,16,300000,0
974,1255,SSG 랜더스,985,사인볼,168760,6,11,0,48,150000,0
975,1597,KIA 타이거즈,621,사인볼,217700,0,12,1,33,150000,0
976,1661,삼성 라이온즈,529,응원 도구,23440,22,5,0,12,20000,0
977,1234,KIA 타이거즈,687,어센틱 유니폼,145750,12,16,0,13,150000,0
978,1344,KIA 타이거즈,863,플레이어 유니폼,240810,5,13,1,10,300000,0
979,1533,SSG 랜더스,853,플레이어 유니폼,264270,5,13,0,27,300000,0
980,1859,두산 베어스,787,기타 한정판 굿즈,273830,11,17,0,41,300000,0
981,1796,LG 트윈스,950,응원 도구,24150,7,7,1,31,20000,0
982,1780,키움 히어로즈,694,모자,39730,23,8,0,34,40000,1
983,1465,한화 이글스,655,어센틱 유니폼,130310,21,13,0,30,150000,0
984,1769,KIA 타이거즈,671,응원 도구,16340,18,16,0,16,20000,0
985,1540,KT 위즈,834,어센틱 유니폼,147910,4,4,0,46,150000,0
986,1212,삼성 라이온즈,540,어센틱 유니폼,176700,17,8,0,8,150000,0
987,1462,두산 베어스,562,어센틱 유니폼,197730,4,16,0,9,150000,0
988,1435,KIA 타이거즈,522,응원 도구,18970,9,10,0,7,20000,0
989,1282,두산 베어스,859,기타 한정판 굿즈,295530,0,12,0,20,300000,0
990,1561,두산 베어스,574,플레이어 유니폼,239300,9,12,0,12,300000,0
991,1606,KIA 타이거즈,547,플레이어 유니폼,396960,4,5,0,49,300000,0
992,1462,롯데 자이언츠,659,기타 한정판 굿즈,159900,11,16,1,4,300000,0
993,1406,NC 다이노스,812,어센틱 유니폼,185150,21,1,0,5,150000,0
994,1087,KT 위즈,617,모자,36350,6,9,1,29,40000,0
995,1043,키움 히어로즈,599,레플리카 유니폼,68010,8,12,0,30,80000,0
996,1460,키움 히어로즈,879,응원 도구,14450,21,5,0,16,20000,0
997,1277,KT 위즈,916,레플리카 유니폼,128200,20,3,0,10,80000,0
998,1682,롯데 자이언츠,907,기타 한정판 굿즈,322150,11,5,0,19,300000,0
999,1420,키움 히어로즈,666,모자,40210,22,2,0,47,40000,0
1000,1700,두산 베어스,789,응원 도구,24430,0,14,0,8,20000,0
